<?xml version="1.0" encoding="UTF-8"?>
<?xml-model href="xml3%20relax.rnc" type="application/relax-ng-compact-syntax"?>
<xml>
    <title>Letters from <name>Oscar Wilde</name> to <name>Lord Alfred Douglas</name></title>


    <letter num="1"><letterHeader>Letter 1</letterHeader>
        <context num="1">The following letter was introduced in <name>Wilde's</name> libel trial by
                <name>sir Edward Clark</name>, <name>Wilde's</name> attorney. Although the letter
            lends support to the defense case, <name>Clark</name> chose to introduce the letter to
            prevent the defense from introducing the letter in a more dramatic fashion during its
            case.</context>
        <date when="1893-01">January 1893</date>, <location Lattribute="locationName">Babbacombe
            Cliff</location>
        <lettertext>My Own Boy, Your sonnet is quite lovely, and it is a marvel that those
            red-roseleaf lips of yours should be made no less for the madness of music and song than
            for the madness of kissing. Your slim gilt soul walks between passion and poetry. I know
                <name>Hyacinthus</name>, whom <name>Apollo</name> loved so madly, was you in Greek
            days. Why are you alone in <location Lattribute="locationName">London</location>, and
            when do you go to <location Lattribute="locationName">Salisbury</location>? Do go there
            to cool your hands in the grey twilight of Gothic things, and come here whenever you
            like. It is a lovely place and lacks only you; but go to <location
                Lattribute="locationName">Salisbury</location> first. Always, with undying love,
            Yours, <name>Oscar</name></lettertext></letter>

    <letter num="2"><letterHeader>Letter 2</letterHeader>
        <context num="2">The following letter was read by defense attorney <name>Edward
                Carson</name> during his cross-examination of <name>Oscar Wilde</name> in his libel
            trial.</context>
        <name>Carson</name> had asked <name>Wilde</name> to read the letter, but he declined. <date
            when="1893-03">March 1893</date>, <location Lattribute="locationName">Savoy
            Hotel</location>
        <lettertext>Dearest of All Boys, Your letter was delightful, red and yellow wine to me; but
            I am sad and out of sorts. <name>Bosie</name>, you must not make scenes with me. They
            kill me, they wreck the loveliness of life. I cannot see you, so Greek and gracious,
            distorted with passion. I cannot listen to your curved lips saying hideous things to me.
            I would sooner be blackmailed by every renter ["renter"was a slang term for male
            prostitutes] in <location Lattribute="locationName">London</location> than to have you
            bitter, unjust, hating.You are the divine thing I want, the thing of grace and beauty;
            but I don't know how to do it.Shall I come to <location Lattribute="locationName"
                >Salisbury</location>? My bill here is 49 pounds for a week. I have also got a new
            sitting-room over the <location Lattribute="locationName">Thames</location>. Why are you
            not here, my dear, my wonderful boy? I fear I must leave; no money, no credit, and a
            heart of lead. Your own, <name>Oscar</name></lettertext></letter>

    <letter num="3"><letterHeader>Letter 3</letterHeader>
        <context num="3">The following letter was written shortly after <name>Wilde's</name> release
            from prison:</context>
        <location Lattribute="locationName">Rouen</location>, <date when="1897-08">August 1897</date>
        <lettertext>My own Darling Boy, I got your telegram half an hour ago, and just send a line
            to say that I feel that my only hope of again doing beautiful work in art is being with
            you. It was not so in the old days, but now it is different, and you can really recreate
            in me that energy and sense of joyous power on which art depends. Everyone is furious
            with me for going back to you, but they don't understand us. I feel that it is only with
            you that I can do anything at all. Do remake my ruined life for me, and then our
            friendship and love will have a different meaning to the world. I wish that when we met
            at <location Lattribute="locationName">Rouen</location> we had not parted at all. There
            are such wide abysses now of space and land between us. But we love each other.
            Goodnight, dear. Ever yours, <name>Oscar</name></lettertext></letter>
</xml>
